<xml xmlns="http://www.w3.org/1999/xhtml" is_dbot="true" collection="false">
  <variables>
    <variable type="" id="j}8O`Vs+RJljIwPu-_:_" islocal="false" iscloud="false">Stake</variable>
    <variable type="" id="W4$:ZQCmEz#8+=4ysv5Y" islocal="false" iscloud="false">Loss</variable>
    <variable type="" id="mXtFswo{p,|%W1:V-$+r" islocal="false" iscloud="false">Target Profit</variable>
    <variable type="" id="%L?;380E6Lr^3b.%}t5Q" islocal="false" iscloud="false">stake 2</variable>
    <variable type="" id="TNb/0;qRkhik-tmvId(*" islocal="false" iscloud="false">text</variable>
    <variable type="" id="+@Tzd.D,glV^o!Ehyw+q" islocal="false" iscloud="false">text1</variable>
    <variable type="" id=":H|k_}gY.qF#8-*hNS^*" islocal="false" iscloud="false">text2</variable>
    <variable type="" id="v%hRm/Gc_u;sjW~ipae_" islocal="false" iscloud="false">text3</variable>
  </variables>
  <block type="trade_definition" id="NpjvMV8I8BIb+5A8FHE-" deletable="false" x="0" y="60">
    <statement name="TRADE_OPTIONS">
      <block type="trade_definition_market" id="A5;^~so9WVw.*7[a:a=r" deletable="false" movable="false">
        <field name="MARKET_LIST">synthetic_index</field>
        <field name="SUBMARKET_LIST">random_index</field>
        <field name="SYMBOL_LIST">1HZ75V</field>
        <next>
          <block type="trade_definition_tradetype" id="rK@G2(76h#P!y/ii1sAu" deletable="false" movable="false">
            <field name="TRADETYPECAT_LIST">digits</field>
            <field name="TRADETYPE_LIST">overunder</field>
            <next>
              <block type="trade_definition_contracttype" id="QOJ]UtHD-To|k^gXM;/`" deletable="false" movable="false">
                <field name="TYPE_LIST">DIGITOVER</field>
                <next>
                  <block type="trade_definition_candleinterval" id="nq`MFz-UBsQhO0T~2nKM" deletable="false" movable="false">
                    <field name="CANDLEINTERVAL_LIST">60</field>
                    <next>
                      <block type="trade_definition_restartbuysell" id="C#xE=*2#U*b?~hrq/FvG" deletable="false" movable="false">
                        <field name="TIME_MACHINE_ENABLED">FALSE</field>
                        <next>
                          <block type="trade_definition_restartonerror" id="Y^n*W3JD9Y^wLqEOM},Q" deletable="false" movable="false">
                            <field name="RESTARTONERROR">TRUE</field>
                          </block>
                        </next>
                      </block>
                    </next>
                  </block>
                </next>
              </block>
            </next>
          </block>
        </next>
      </block>
    </statement>
    <statement name="INITIALIZATION">
      <block type="text_print" id="vaC+}ZA6Y+l:OjuH:Dg)">
        <value name="TEXT">
          <shadow type="text" id="Z4/7Y7|zv7FEVE%H`FbS">
            <field name="TEXT">Expert speed bot</field>
          </shadow>
        </value>
        <next>
          <block type="variables_set" id="(n;STy=9^4|/xSfzapdq">
            <field name="VAR" id="W4$:ZQCmEz#8+=4ysv5Y" variabletype="">Loss</field>
            <value name="VALUE">
              <block type="math_number" id="[e^1pTYT0T!pCX*}]QFc">
                <field name="NUM">50</field>
              </block>
            </value>
            <next>
              <block type="variables_set" id="1$WT3m!3Eu6R05LSaxcb">
                <field name="VAR" id="mXtFswo{p,|%W1:V-$+r" variabletype="">Target Profit</field>
                <value name="VALUE">
                  <block type="math_number" id="b?QHV*.~6b*giR+|Kx/Y">
                    <field name="NUM">10</field>
                  </block>
                </value>
                <next>
                  <block type="variables_set" id="Q]aq8dV6L^:Q46l)X,`Y">
                    <field name="VAR" id="j}8O`Vs+RJljIwPu-_:_" variabletype="">Stake</field>
                    <value name="VALUE">
                      <block type="math_number" id="bSL+K*V8X^/}]_TmP[PJ">
                        <field name="NUM">5</field>
                      </block>
                    </value>
                    <next>
                      <block type="variables_set" id=".!3B3NO,.XV9bookqX}5">
                        <field name="VAR" id="%L?;380E6Lr^3b.%}t5Q" variabletype="">stake 2</field>
                        <value name="VALUE">
                          <block type="math_number" id="K)@rA,jEL|gOm@V3$GLy">
                            <field name="NUM">5</field>
                          </block>
                        </value>
                      </block>
                    </next>
                  </block>
                </next>
              </block>
            </next>
          </block>
        </next>
      </block>
    </statement>
    <statement name="SUBMARKET">
      <block type="trade_definition_tradeoptions" id="QX`UnP[^c2:DtGcR701a">
        <mutation has_first_barrier="false" has_second_barrier="false" has_prediction="true"></mutation>
        <field name="DURATIONTYPE_LIST">t</field>
        <value name="DURATION">
          <block type="math_number" id="*C|Jxl@tTFM-3U0bVQVN">
            <field name="NUM">2</field>
          </block>
        </value>
        <value name="AMOUNT">
          <block type="variables_get" id="TQY^+#/;EDCFQ/XovTTj">
            <field name="VAR" id="j}8O`Vs+RJljIwPu-_:_" variabletype="">Stake</field>
          </block>
        </value>
        <value name="PREDICTION">
          <shadow type="math_number" id="KDt!ui4zv-s-b*q:`jkS">
            <field name="NUM">1</field>
          </shadow>
        </value>
      </block>
    </statement>
  </block>
  <block type="during_purchase" id="d~~=dWJ=K|L@{kLjUE8P" collapsed="true" x="873" y="60"></block>
  <block type="after_purchase" id="zGz;TvF1=}gh_-uO}uBT" x="873" y="156">
    <statement name="AFTERPURCHASE_STACK">
      <block type="controls_if" id="LW`?@xl40^y=L@kRk)05">
        <mutation else="1"></mutation>
        <value name="IF0">
          <block type="contract_check_result" id="I=}|1mBJGgA(PoCX0+6j">
            <field name="CHECK_RESULT">win</field>
          </block>
        </value>
        <statement name="DO0">
          <block type="text_join" id="/v9q2XM5ds/=A!n/l{E3">
            <field name="VARIABLE" id="TNb/0;qRkhik-tmvId(*" variabletype="">text</field>
            <statement name="STACK">
              <block type="text_statement" id="Torwx.AfO@~_]P]3mT+e">
                <value name="TEXT">
                  <shadow type="text" id="TWM$.]PIc_!WgKYX(cby">
                    <field name="TEXT"></field>
                  </shadow>
                  <block type="text" id="7n7E;:g3!^aI!d9ewm.M">
                    <field name="TEXT">Win💸</field>
                  </block>
                </value>
                <next>
                  <block type="text_statement" id="`9b-v-vK:rsj*s`QBo@[">
                    <value name="TEXT">
                      <shadow type="text" id="z19z?A70[JwjpzCIBs+Z">
                        <field name="TEXT"></field>
                      </shadow>
                      <block type="read_details" id="BnXuk/8y=.RP|0=3*cpO">
                        <field name="DETAIL_INDEX">4</field>
                      </block>
                    </value>
                  </block>
                </next>
              </block>
            </statement>
            <next>
              <block type="notify" id="0{e+)*O7{C}x-Fi2*$j*">
                <field name="NOTIFICATION_TYPE">success</field>
                <field name="NOTIFICATION_SOUND">silent</field>
                <value name="MESSAGE">
                  <block type="variables_get" id="GRgy0,0A[/Pky4}$SOiC">
                    <field name="VAR" id="TNb/0;qRkhik-tmvId(*" variabletype="">text</field>
                  </block>
                </value>
                <next>
                  <block type="variables_set" id="Fy!#%:1Ldrtjz-[1X*?t">
                    <field name="VAR" id="j}8O`Vs+RJljIwPu-_:_" variabletype="">Stake</field>
                    <value name="VALUE">
                      <block type="variables_get" id="V}c091=HbyKYYDQRK,@;">
                        <field name="VAR" id="%L?;380E6Lr^3b.%}t5Q" variabletype="">stake 2</field>
                      </block>
                    </value>
                  </block>
                </next>
              </block>
            </next>
          </block>
        </statement>
        <statement name="ELSE">
          <block type="text_join" id="Mm7n;:[8T(Giz[u`A!^N">
            <field name="VARIABLE" id="+@Tzd.D,glV^o!Ehyw+q" variabletype="">text1</field>
            <statement name="STACK">
              <block type="text_statement" id="8jxB`m+wI:95*eF.1a*Y">
                <value name="TEXT">
                  <shadow type="text" id="AFe]LEdk61V_s5!h87dR">
                    <field name="TEXT"></field>
                  </shadow>
                  <block type="text" id="2P/2ZpbufNZG{s_:_lDM">
                    <field name="TEXT">Keep up</field>
                  </block>
                </value>
                <next>
                  <block type="text_statement" id="l[Jhb{TC,?8VC:W8*3@J">
                    <value name="TEXT">
                      <shadow type="text" id="~{aN1+O.#l/#Kmdbqn_f">
                        <field name="TEXT"></field>
                      </shadow>
                      <block type="math_single" id="=VyQz8hOAXT}E_P}R~k~">
                        <field name="OP">ABS</field>
                        <value name="NUM">
                          <shadow type="math_number" id="w?N-y)*?2{BoWRv}^0W9">
                            <field name="NUM">9</field>
                          </shadow>
                          <block type="read_details" id="^QBQSj$m~3!=R`Kg::(_">
                            <field name="DETAIL_INDEX">4</field>
                          </block>
                        </value>
                      </block>
                    </value>
                  </block>
                </next>
              </block>
            </statement>
            <next>
              <block type="notify" id="oou!U}v!.O)DOQc}3MH8">
                <field name="NOTIFICATION_TYPE">warn</field>
                <field name="NOTIFICATION_SOUND">silent</field>
                <value name="MESSAGE">
                  <block type="variables_get" id="v%4P*~w,I,DbU{Pv5nH:">
                    <field name="VAR" id="+@Tzd.D,glV^o!Ehyw+q" variabletype="">text1</field>
                  </block>
                </value>
                <next>
                  <block type="math_change" id="x/w!UP~:EQ$Hm$@jE,!W">
                    <field name="VAR" id="j}8O`Vs+RJljIwPu-_:_" variabletype="">Stake</field>
                    <value name="DELTA">
                      <shadow type="math_number" id="=.WO(g{q^18#Sx(#)P9y">
                        <field name="NUM">1</field>
                      </shadow>
                      <block type="math_arithmetic" id="Gl2-,{=/essAcoIz0mXS">
                        <field name="OP">MULTIPLY</field>
                        <value name="A">
                          <shadow type="math_number" id="jP-9Eq1d`3io+vIp;1rK">
                            <field name="NUM">1</field>
                          </shadow>
                          <block type="math_single" id="nh#/c$;f0RRJ$J?pYF00">
                            <field name="OP">ABS</field>
                            <value name="NUM">
                              <shadow type="math_number" id="PXFdB`J=BH$XB*PZW6s2">
                                <field name="NUM">9</field>
                              </shadow>
                              <block type="read_details" id="iluh@!b+ET8wNh@]Os9k">
                                <field name="DETAIL_INDEX">4</field>
                              </block>
                            </value>
                          </block>
                        </value>
                        <value name="B">
                          <shadow type="math_number" id="Ut+-@a,3Cn]qf(jfI_X?">
                            <field name="NUM">1</field>
                          </shadow>
                          <block type="math_number" id="qj%h$%ime)KIR^eo0:@F">
                            <field name="NUM">1</field>
                          </block>
                        </value>
                      </block>
                    </value>
                    <next>
                      <block type="controls_if" id="RawB|@3TW0ml0Lf?emJU">
                        <value name="IF0">
                          <block type="logic_compare" id="pY!e!@P6*;3;4UY?@|H8">
                            <field name="OP">GTE</field>
                            <value name="A">
                              <block type="math_single" id="gs-N.:cp:T[O67PG[NTr">
                                <field name="OP">ABS</field>
                                <value name="NUM">
                                  <shadow type="math_number" id="Cej20o@_PDP(1v:@)uWD">
                                    <field name="NUM">9</field>
                                  </shadow>
                                  <block type="read_details" id="@G0-m(zQLtB.f$2zwNmx">
                                    <field name="DETAIL_INDEX">4</field>
                                  </block>
                                </value>
                              </block>
                            </value>
                            <value name="B">
                              <block type="variables_get" id="^ERODy2T[*r;b3ecK)gj">
                                <field name="VAR" id="W4$:ZQCmEz#8+=4ysv5Y" variabletype="">Loss</field>
                              </block>
                            </value>
                          </block>
                        </value>
                        <statement name="DO0">
                          <block type="variables_set" id="@KoeUH]G0WYJwQ}dle7j">
                            <field name="VAR" id="j}8O`Vs+RJljIwPu-_:_" variabletype="">Stake</field>
                            <value name="VALUE">
                              <block type="variables_get" id="efj{`%I)~s8%7U)}bK.z">
                                <field name="VAR" id="%L?;380E6Lr^3b.%}t5Q" variabletype="">stake 2</field>
                              </block>
                            </value>
                          </block>
                        </statement>
                      </block>
                    </next>
                  </block>
                </next>
              </block>
            </next>
          </block>
        </statement>
        <next>
          <block type="text_join" id="2=(-(g8?7~FPS11ABLE]">
            <field name="VARIABLE" id=":H|k_}gY.qF#8-*hNS^*" variabletype="">text2</field>
            <statement name="STACK">
              <block type="text_statement" id="hqdKs`Kz:Ia6]2?zas)o">
                <value name="TEXT">
                  <shadow type="text" id="gHL0jtyW23MO-`#vg=ue">
                    <field name="TEXT"></field>
                  </shadow>
                  <block type="text" id="xch^4?B3544Cx}R|rHcp">
                    <field name="TEXT">Total Profit: </field>
                  </block>
                </value>
                <next>
                  <block type="text_statement" id="PAYQiVUPzs#A5+?D;uk7">
                    <value name="TEXT">
                      <shadow type="text" id="nibi+WTc[%S6cM@E^?8W">
                        <field name="TEXT"></field>
                      </shadow>
                      <block type="total_profit" id="tqo=1mFU+j^mIC#FHb-N"></block>
                    </value>
                  </block>
                </next>
              </block>
            </statement>
            <next>
              <block type="notify" id="XerHqbD)0G.%O2rdA+Lw">
                <field name="NOTIFICATION_TYPE">info</field>
                <field name="NOTIFICATION_SOUND">silent</field>
                <value name="MESSAGE">
                  <block type="variables_get" id="/=$VS$rm=*70McI}u[aj">
                    <field name="VAR" id=":H|k_}gY.qF#8-*hNS^*" variabletype="">text2</field>
                  </block>
                </value>
                <next>
                  <block type="controls_if" id="Q,:]~1;pHT--q9_r#?V1">
                    <mutation else="1"></mutation>
                    <value name="IF0">
                      <block type="logic_compare" id="P~!gzbP+g)mOL}kD}dJV">
                        <field name="OP">LT</field>
                        <value name="A">
                          <block type="total_profit" id="OssW0m)lZUbh5]Zun^7L"></block>
                        </value>
                        <value name="B">
                          <block type="variables_get" id="/~9jt*mk}A{v|0mU1VV%">
                            <field name="VAR" id="mXtFswo{p,|%W1:V-$+r" variabletype="">Target Profit</field>
                          </block>
                        </value>
                      </block>
                    </value>
                    <statement name="DO0">
                      <block type="trade_again" id="w8NGDag2{0;paTgM3h5F"></block>
                    </statement>
                    <statement name="ELSE">
                      <block type="text_join" id="/g[{8=Bvs0O9K{fgLfK+">
                        <field name="VARIABLE" id="v%hRm/Gc_u;sjW~ipae_" variabletype="">text3</field>
                        <statement name="STACK">
                          <block type="text_statement" id="d]|S:IvYJJ-(1s^^t|so">
                            <value name="TEXT">
                              <shadow type="text" id="@R.Iz;6q`*pBzD$LCIn.">
                                <field name="TEXT"></field>
                              </shadow>
                              <block type="text" id="QX*/[iA~!Ev~9-{x@LE!">
                                <field name="TEXT">Congratulations target profit was hit</field>
                              </block>
                            </value>
                            <next>
                              <block type="text_statement" id="SO,oiMW[60o0|#M|w=xT">
                                <value name="TEXT">
                                  <shadow type="text" id="fyAeNVsUhlbQTEA*mtL{">
                                    <field name="TEXT"></field>
                                  </shadow>
                                  <block type="total_profit" id="ieWB11U5EP^gV3$kNE.{"></block>
                                </value>
                              </block>
                            </next>
                          </block>
                        </statement>
                        <next>
                          <block type="text_print" id="-j^/2Kyw.~el$R{D]AaX">
                            <value name="TEXT">
                              <shadow type="text" id="#Q_YX1t)6y40Kbq8_@,?">
                                <field name="TEXT">abc</field>
                              </shadow>
                              <block type="variables_get" id="Q$1Ga)s#56+8BCTUYz7J">
                                <field name="VAR" id="v%hRm/Gc_u;sjW~ipae_" variabletype="">text3</field>
                              </block>
                            </value>
                          </block>
                        </next>
                      </block>
                    </statement>
                  </block>
                </next>
              </block>
            </next>
          </block>
        </next>
      </block>
    </statement>
  </block>
  <block type="before_purchase" id=",rVov~=_YffQqjw=,P@v" collapsed="true" deletable="false" x="0" y="852">
    <statement name="BEFOREPURCHASE_STACK">
      <block type="purchase" id="9kg(ff{`0th`W6UJ*1Dj">
        <field name="PURCHASE_LIST">DIGITOVER</field>
      </block>
    </statement>
  </block>
  <block type="math_number" id="pn(k=+7hxA300LVa$?~," disabled="true" x="0" y="1820">
    <field name="NUM">5</field>
  </block>
  <block type="text" id="A3M#P+U!#PgVETu~1Otf" collapsed="true" disabled="true" x="0" y="1908">
    <field name="TEXT">Expert  Speed Bot</field>
  </block>
</xml>