<xml xmlns="http://www.w3.org/1999/xhtml" is_dbot="true" collection="false">
  <variables>
    <variable type="" id=".y?C8m0;)9K4S;b3bBqw" islocal="false" iscloud="false">ACCOUNT ABSENCES EARNING DIGITS</variable>
    <variable type="" id="1Y`Bw3SBh%+B9{+}2xNf" islocal="false" iscloud="false">Maximum Losses:</variable>
    <variable type="" id="x_uXJs8,GNt]U*wsQw8h" islocal="false" iscloud="false">Initial value</variable>
    <variable type="" id="Rx1.^_!`2IlA?!kG%;@~" islocal="false" iscloud="false">Even Number Counter</variable>
    <variable type="" id="HewCh9SJtpk}4lfczm:K" islocal="false" iscloud="false">Odd Number Counter</variable>
    <variable type="" id="?=#`tn+(A4pB^gEc[jLu" islocal="false" iscloud="false">Take Profit:</variable>
    <variable type="" id="95{[6^`LmUthA(.fK%XI" islocal="false" iscloud="false">LOSS ACCOUNT FOR GALE</variable>
    <variable type="" id="RN6pQFkcpv:iEEg+E]X^" islocal="false" iscloud="false">Value After First Win:</variable>
    <variable type="" id="70!aoAVpIT1|m{,TUp?x" islocal="false" iscloud="false">Loss Counter:</variable>
    <variable type="" id="yQ%)ZT5n;D`/aLJf3I[b" islocal="false" iscloud="false">Maximum Followed Loss (STOP)</variable>
    <variable type="" id=")C#v1a2)q.)4q96j0LIz" islocal="false" iscloud="false">Traditional Martingale:</variable>
    <variable type="" id="b`aIqOhv#IG5.4wAoUam" islocal="false" iscloud="false">Sound Notifications ?</variable>
    <variable type="" id="L39Harn#J.Arba9{kln;" islocal="false" iscloud="false">Traditional Martingale Multiplier</variable>
    <variable type="" id="TA9P4$/brgCKv;ewl595" islocal="false" iscloud="false">text</variable>
    <variable type="" id="(4?}SG@lmnwpnDw*QM~F" islocal="false" iscloud="false">text1</variable>
    <variable type="" id="PE+tzh=7Ye({^h1,}2[e" islocal="false" iscloud="false">text2</variable>
    <variable type="" id="j!qJD3nU?-aXx,:N!irf" islocal="false" iscloud="false">text3</variable>
  </variables>
  <block type="trade_definition" id="aI;m~^WGe1YovDA;iWqu" deletable="false" x="129" y="41">
    <statement name="TRADE_OPTIONS">
      <block type="trade_definition_market" id="L.$t+ae2w_F^.`znUj9g" deletable="false" movable="false">
        <field name="MARKET_LIST">synthetic_index</field>
        <field name="SUBMARKET_LIST">random_index</field>
        <field name="SYMBOL_LIST">1HZ75V</field>
        <next>
          <block type="trade_definition_tradetype" id="28^;,bPHPM4l=`]#X{5c" deletable="false" movable="false">
            <field name="TRADETYPECAT_LIST">digits</field>
            <field name="TRADETYPE_LIST">evenodd</field>
            <next>
              <block type="trade_definition_contracttype" id="j(nh4Ipm;MmZo3Y.k@w6" deletable="false" movable="false">
                <field name="TYPE_LIST">both</field>
                <next>
                  <block type="trade_definition_candleinterval" id="Wv/zk4S8cA(l@o9+)#cC" deletable="false" movable="false">
                    <field name="CANDLEINTERVAL_LIST">60</field>
                    <next>
                      <block type="trade_definition_restartbuysell" id="{)CO~m#J,bRjcHIWKV^," deletable="false" movable="false">
                        <field name="TIME_MACHINE_ENABLED">FALSE</field>
                        <next>
                          <block type="trade_definition_restartonerror" id="=j(Ts4bXvW5g~7co{?7r" deletable="false" movable="false">
                            <field name="RESTARTONERROR">TRUE</field>
                          </block>
                        </next>
                      </block>
                    </next>
                  </block>
                </next>
              </block>
            </next>
          </block>
        </next>
      </block>
    </statement>
    <statement name="INITIALIZATION">
      <block type="text_print" id="pR#vaM:6-VQd{8U#W|1J">
        <value name="TEXT">
          <shadow type="text" id="rFlpiCR;QCrg=pyOOQ7}">
            <field name="TEXT">Contact me on WhatsApp +254739234464 or Facebook, IG or Telegram @fullyautomatedbot Email: fullyautomatedbot@gmail.com for the premium profitable Bots</field>
          </shadow>
        </value>
        <next>
          <block type="variables_set" id="}s~|/D#m3rdS:MY-5dF^">
            <field name="VAR" id="1Y`Bw3SBh%+B9{+}2xNf" variabletype="">Maximum Losses:</field>
            <value name="VALUE">
              <block type="math_number" id="0K(ED8dj;?5I:q0pJ(Cr">
                <field name="NUM">100</field>
              </block>
            </value>
            <next>
              <block type="variables_set" id="82CBN}}PR9$@K`B-BA5d">
                <field name="VAR" id="?=#`tn+(A4pB^gEc[jLu" variabletype="">Take Profit:</field>
                <value name="VALUE">
                  <block type="math_number" id="RU/3ayUqZlR^Pi|28+E|">
                    <field name="NUM">5</field>
                  </block>
                </value>
                <next>
                  <block type="variables_set" id="CFWOI(Kq~0R`IrLcpkc2">
                    <field name="VAR" id="x_uXJs8,GNt]U*wsQw8h" variabletype="">Initial value</field>
                    <value name="VALUE">
                      <block type="math_number" id="DM3f9Ol9$#C,-U8k~]sE">
                        <field name="NUM">1</field>
                      </block>
                    </value>
                    <next>
                      <block type="variables_set" id=".dXeiC)@,}[d8]i8~q=/">
                        <field name="VAR" id="RN6pQFkcpv:iEEg+E]X^" variabletype="">Value After First Win:</field>
                        <value name="VALUE">
                          <block type="math_number" id="jI$hEH3y~retyM$b8_bs">
                            <field name="NUM">1</field>
                          </block>
                        </value>
                        <next>
                          <block type="variables_set" id="if]iV.-`%Xx[acF*Q5C{">
                            <field name="VAR" id="yQ%)ZT5n;D`/aLJf3I[b" variabletype="">Maximum Followed Loss (STOP)</field>
                            <value name="VALUE">
                              <block type="math_number" id="Zt]gD#5E$O0k5Xl[Xl#.">
                                <field name="NUM">20</field>
                              </block>
                            </value>
                            <next>
                              <block type="variables_set" id="fU;ZeSUVhqQdZ2pf5@,,">
                                <field name="VAR" id=")C#v1a2)q.)4q96j0LIz" variabletype="">Traditional Martingale:</field>
                                <value name="VALUE">
                                  <block type="logic_boolean" id="rr`j6J$tRdo`hukPo.HH">
                                    <field name="BOOL">TRUE</field>
                                  </block>
                                </value>
                                <next>
                                  <block type="variables_set" id="`*#;w$qO^`euDT(ASr;}">
                                    <field name="VAR" id="L39Harn#J.Arba9{kln;" variabletype="">Traditional Martingale Multiplier</field>
                                    <value name="VALUE">
                                      <block type="math_number" id="S#*04*7Xu6iWE9G%-hHK">
                                        <field name="NUM">1.1</field>
                                      </block>
                                    </value>
                                    <next>
                                      <block type="controls_if" id="B/@1ADwg;$@(v@;#I[%m">
                                        <value name="IF0">
                                          <block type="logic_boolean" id="qI|4_i@**[G_x5-Rr.Dk">
                                            <field name="BOOL">TRUE</field>
                                          </block>
                                        </value>
                                        <statement name="DO0">
                                          <block type="variables_set" id="B+RX=Pw^ktp;R0g9pq-U">
                                            <field name="VAR" id="Rx1.^_!`2IlA?!kG%;@~" variabletype="">Even Number Counter</field>
                                            <value name="VALUE">
                                              <block type="math_number" id="zrwgqM%]0`zT;Y4jxkx^">
                                                <field name="NUM">0</field>
                                              </block>
                                            </value>
                                            <next>
                                              <block type="variables_set" id="w}{TUOWZ:iQrGY2C)CEa">
                                                <field name="VAR" id="HewCh9SJtpk}4lfczm:K" variabletype="">Odd Number Counter</field>
                                                <value name="VALUE">
                                                  <block type="math_number" id="6poT(6Yn=2(a$u#_~C4i">
                                                    <field name="NUM">0</field>
                                                  </block>
                                                </value>
                                              </block>
                                            </next>
                                          </block>
                                        </statement>
                                      </block>
                                    </next>
                                  </block>
                                </next>
                              </block>
                            </next>
                          </block>
                        </next>
                      </block>
                    </next>
                  </block>
                </next>
              </block>
            </next>
          </block>
        </next>
      </block>
    </statement>
    <statement name="SUBMARKET">
      <block type="trade_definition_tradeoptions" id="|hA+$8clj0-it{Y864NR">
        <mutation has_first_barrier="false" has_second_barrier="false" has_prediction="false"></mutation>
        <field name="DURATIONTYPE_LIST">t</field>
        <value name="DURATION">
          <shadow type="math_number" id="bbI+x6Pyc_i,#h;6J3cx">
            <field name="NUM">1</field>
          </shadow>
        </value>
        <value name="AMOUNT">
          <shadow type="math_number" id="iov-jMf1JLG5#umquLpG">
            <field name="NUM">0.35</field>
          </shadow>
          <block type="variables_get" id="Q-.@#*.%9#eXHQ3X6xnd">
            <field name="VAR" id="x_uXJs8,GNt]U*wsQw8h" variabletype="">Initial value</field>
          </block>
        </value>
      </block>
    </statement>
  </block>
  <block type="after_purchase" id="D^Owgz{4]+ZzNwmHdoIJ" x="722" y="764">
    <statement name="AFTERPURCHASE_STACK">
      <block type="variables_set" id="rLoI|7n4v+Z`Lnle$U!k">
        <field name="VAR" id=".y?C8m0;)9K4S;b3bBqw" variabletype="">ACCOUNT ABSENCES EARNING DIGITS</field>
        <value name="VALUE">
          <block type="math_number" id="O0,[$nE;4lKlzd@QUeqX">
            <field name="NUM">0</field>
          </block>
        </value>
        <next>
          <block type="controls_if" id="~f7s}zLM@S2~Z897?eAK">
            <mutation else="1"></mutation>
            <value name="IF0">
              <block type="contract_check_result" id="W;87/1N(iT$/;.$j:6~~">
                <field name="CHECK_RESULT">win</field>
              </block>
            </value>
            <statement name="DO0">
              <block type="variables_set" id="DMV}o]oQ+62:Dwb2OQ;S">
                <field name="VAR" id="x_uXJs8,GNt]U*wsQw8h" variabletype="">Initial value</field>
                <value name="VALUE">
                  <block type="variables_get" id="^QVb]`^;nEL6]Jn0mp6|">
                    <field name="VAR" id="RN6pQFkcpv:iEEg+E]X^" variabletype="">Value After First Win:</field>
                  </block>
                </value>
                <next>
                  <block type="variables_set" id=":0N);@!h::8Wv81g8|f?">
                    <field name="VAR" id="95{[6^`LmUthA(.fK%XI" variabletype="">LOSS ACCOUNT FOR GALE</field>
                    <value name="VALUE">
                      <block type="math_number" id="B,8F~zOa2`N!52nz05@6">
                        <field name="NUM">0</field>
                      </block>
                    </value>
                    <next>
                      <block type="variables_set" id="8I,{^r6Wz6dAY;_ErLM,">
                        <field name="VAR" id="70!aoAVpIT1|m{,TUp?x" variabletype="">Loss Counter:</field>
                        <value name="VALUE">
                          <block type="math_number" id="J.dJe/?,3Te^,U~Y=O#K">
                            <field name="NUM">0</field>
                          </block>
                        </value>
                      </block>
                    </next>
                  </block>
                </next>
              </block>
            </statement>
            <statement name="ELSE">
              <block type="math_change" id="*xgdet_iBs1;?,t?W:xH">
                <field name="VAR" id="95{[6^`LmUthA(.fK%XI" variabletype="">LOSS ACCOUNT FOR GALE</field>
                <value name="DELTA">
                  <shadow type="math_number" id="f7n1eJ*j3@zE*Nm~T.tE">
                    <field name="NUM">1</field>
                  </shadow>
                </value>
                <next>
                  <block type="math_change" id="xbN3KfFeD)mH/(dFRV(F">
                    <field name="VAR" id="70!aoAVpIT1|m{,TUp?x" variabletype="">Loss Counter:</field>
                    <value name="DELTA">
                      <shadow type="math_number" id="g2^!6u*7_Wu/$H}Mt^Zx">
                        <field name="NUM">1</field>
                      </shadow>
                    </value>
                    <next>
                      <block type="controls_if" id="AaLEyEtB?sjjBq]4if=u">
                        <value name="IF0">
                          <block type="variables_get" id="jdmL:l,wn20yPy_]h7Ky">
                            <field name="VAR" id=")C#v1a2)q.)4q96j0LIz" variabletype="">Traditional Martingale:</field>
                          </block>
                        </value>
                        <statement name="DO0">
                          <block type="math_change" id="%wi]r:t`;@AX)~T]ckq1">
                            <field name="VAR" id="x_uXJs8,GNt]U*wsQw8h" variabletype="">Initial value</field>
                            <value name="DELTA">
                              <shadow type="math_number" id="PCu9h[c7e--.j-Mkd1Op">
                                <field name="NUM">1</field>
                              </shadow>
                              <block type="math_arithmetic" id="X#6y~KRn]~htu4/r;cwU">
                                <field name="OP">MULTIPLY</field>
                                <value name="A">
                                  <shadow type="math_number" id="lJ$|!cI@i~,*Ee}gS9Gj">
                                    <field name="NUM">1</field>
                                  </shadow>
                                  <block type="variables_get" id="3OU$ApOril]o)H_w;T6A">
                                    <field name="VAR" id="x_uXJs8,GNt]U*wsQw8h" variabletype="">Initial value</field>
                                  </block>
                                </value>
                                <value name="B">
                                  <shadow type="math_number" id="doYkPuOz8b12Mn8$.u6}">
                                    <field name="NUM">0.92</field>
                                  </shadow>
                                  <block type="variables_get" id="[P]HcyE-oZ!Qq8VE[y#a">
                                    <field name="VAR" id="L39Harn#J.Arba9{kln;" variabletype="">Traditional Martingale Multiplier</field>
                                  </block>
                                </value>
                              </block>
                            </value>
                          </block>
                        </statement>
                      </block>
                    </next>
                  </block>
                </next>
              </block>
            </statement>
            <next>
              <block type="controls_if" id="5$wX~es9|n_=SIuM(8Qa">
                <mutation else="1"></mutation>
                <value name="IF0">
                  <block type="logic_compare" id="-}.r0E[Tbms_uSfzhcET">
                    <field name="OP">GTE</field>
                    <value name="A">
                      <block type="variables_get" id="-6EhI)/wmM=LVEOAQNLi">
                        <field name="VAR" id="70!aoAVpIT1|m{,TUp?x" variabletype="">Loss Counter:</field>
                      </block>
                    </value>
                    <value name="B">
                      <block type="variables_get" id="?70Y#2jFK5Ly9Fo3P}Oh">
                        <field name="VAR" id="yQ%)ZT5n;D`/aLJf3I[b" variabletype="">Maximum Followed Loss (STOP)</field>
                      </block>
                    </value>
                  </block>
                </value>
                <statement name="DO0">
                  <block type="variables_set" id="A47@QTb![L88]6,J;*1g">
                    <field name="VAR" id="x_uXJs8,GNt]U*wsQw8h" variabletype="">Initial value</field>
                    <value name="VALUE">
                      <block type="variables_get" id="Up1fuyKZ{83yrXt8D:.l">
                        <field name="VAR" id="RN6pQFkcpv:iEEg+E]X^" variabletype="">Value After First Win:</field>
                      </block>
                    </value>
                    <next>
                      <block type="notify" id="%/`G*|-.m~05p9,2$6=e">
                        <field name="NOTIFICATION_TYPE">error</field>
                        <field name="NOTIFICATION_SOUND">silent</field>
                        <value name="MESSAGE">
                          <shadow type="text" id="fhf*[DZ=fF!1R.S]*yPR">
                            <field name="TEXT">MAXIMUM FOLLOWING LOSS ACHIEVED!!!</field>
                          </shadow>
                        </value>
                        <next>
                          <block type="text_print" id="C0=;|qd95QH2@oxh6[8h">
                            <value name="TEXT">
                              <shadow type="text" id="KAf!O6SD*KGT`6miQm|=">
                                <field name="TEXT">MAXIMUM FOLLOWING LOSS ACHIEVED!!!</field>
                              </shadow>
                            </value>
                          </block>
                        </next>
                      </block>
                    </next>
                  </block>
                </statement>
                <statement name="ELSE">
                  <block type="controls_if" id="o%nch)ppQ]c(Rf(Q}{WE">
                    <mutation else="1"></mutation>
                    <value name="IF0">
                      <block type="logic_compare" id="gN23{TBDa4*E(*m6*+Ad">
                        <field name="OP">GTE</field>
                        <value name="A">
                          <block type="total_profit" id="Er77Cv3p(t6.%!GQ4eoE"></block>
                        </value>
                        <value name="B">
                          <block type="variables_get" id="]XsB[_eE.n*bP%{4wvfI">
                            <field name="VAR" id="?=#`tn+(A4pB^gEc[jLu" variabletype="">Take Profit:</field>
                          </block>
                        </value>
                      </block>
                    </value>
                    <statement name="DO0">
                      <block type="text_join" id="w!9Dm)GZIY7`knJ#[if/">
                        <field name="VARIABLE" id="TA9P4$/brgCKv;ewl595" variabletype="">text</field>
                        <statement name="STACK">
                          <block type="text_statement" id="P,DO4Rd|DAHN^,,54:)e">
                            <value name="TEXT">
                              <shadow type="text" id="dR=$S!;c(K-9EBQy:2$I">
                                <field name="TEXT"></field>
                              </shadow>
                              <block type="text" id="dEZNQIGB7L?A0hJvN#@j">
                                <field name="TEXT">TARGET PROFIT HAS BEEN REACHED: </field>
                              </block>
                            </value>
                            <next>
                              <block type="text_statement" id="9]m-eY5#J`1facX[:3._">
                                <value name="TEXT">
                                  <shadow type="text" id="a^wjy^Ho#bpE|0HUJ6}^">
                                    <field name="TEXT"></field>
                                  </shadow>
                                  <block type="total_profit" id="^]eJKLrf+,~UiD;4CQ0p"></block>
                                </value>
                              </block>
                            </next>
                          </block>
                        </statement>
                        <next>
                          <block type="text_print" id="pS8=:nM%}N%YS,zyv9M%">
                            <value name="TEXT">
                              <shadow type="text" id="6f:/BuQYAwRwySv+EkD-">
                                <field name="TEXT">abc</field>
                              </shadow>
                              <block type="variables_get" id="b:p^GZRce|9nnO!/E!?u">
                                <field name="VAR" id="TA9P4$/brgCKv;ewl595" variabletype="">text</field>
                              </block>
                            </value>
                            <next>
                              <block type="controls_if" id="pJzRdY~8{~/*L7dv##ww">
                                <value name="IF0">
                                  <block type="variables_get" id="j+R#h?hl^$c{sC8[/Y=z">
                                    <field name="VAR" id="b`aIqOhv#IG5.4wAoUam" variabletype="">Sound Notifications ?</field>
                                  </block>
                                </value>
                                <statement name="DO0">
                                  <block type="text_join" id="rJV.eId:PGwW`u^m-G2}">
                                    <field name="VARIABLE" id="(4?}SG@lmnwpnDw*QM~F" variabletype="">text1</field>
                                    <statement name="STACK">
                                      <block type="text_statement" id="9hb+39BTxm`o)N|b@O.p">
                                        <value name="TEXT">
                                          <shadow type="text" id="e5mb~mHX^[V~AySVbY^n">
                                            <field name="TEXT"></field>
                                          </shadow>
                                          <block type="text" id="^PMRNo#M^n!O}pN5R[6W">
                                            <field name="TEXT">HIT TARGET !!!</field>
                                          </block>
                                        </value>
                                      </block>
                                    </statement>
                                    <next>
                                      <block type="notify" id="2PQqln%51OvT,lXC+62R">
                                        <field name="NOTIFICATION_TYPE">success</field>
                                        <field name="NOTIFICATION_SOUND">earned-money</field>
                                        <value name="MESSAGE">
                                          <block type="variables_get" id="OSBIAEeJp!US63yEg?h7">
                                            <field name="VAR" id="(4?}SG@lmnwpnDw*QM~F" variabletype="">text1</field>
                                          </block>
                                        </value>
                                      </block>
                                    </next>
                                  </block>
                                </statement>
                              </block>
                            </next>
                          </block>
                        </next>
                      </block>
                    </statement>
                    <statement name="ELSE">
                      <block type="controls_if" id="6.%6Yg-6QSr,8bo%c/MU">
                        <mutation else="1"></mutation>
                        <value name="IF0">
                          <block type="logic_operation" id="AJ.G#Kq5|!rdyCNO?$vM">
                            <field name="OP">AND</field>
                            <value name="A">
                              <block type="math_number_property" id="QX?iQh@Y9!GtwY|=nN!.">
                                <mutation divisor_input="false"></mutation>
                                <field name="PROPERTY">NEGATIVE</field>
                                <value name="NUMBER_TO_CHECK">
                                  <shadow type="math_number" id="7zY}vkXBxWYWOfgIUJM?">
                                    <field name="NUM">0</field>
                                  </shadow>
                                  <block type="total_profit" id=".)R#ID|7NvQ*N|~#R-o}"></block>
                                </value>
                              </block>
                            </value>
                            <value name="B">
                              <block type="logic_compare" id="KbtG=z?~N~L3+$8DTW`c">
                                <field name="OP">GTE</field>
                                <value name="A">
                                  <block type="math_single" id="SC4,Q/d5AW2A,RpB26v$">
                                    <field name="OP">ABS</field>
                                    <value name="NUM">
                                      <shadow type="math_number" id="F_}m6=pi72sG~aVq{_mQ">
                                        <field name="NUM">9</field>
                                      </shadow>
                                      <block type="total_profit" id=":06ngm/*+{Mmj0,F`7zc"></block>
                                    </value>
                                  </block>
                                </value>
                                <value name="B">
                                  <block type="variables_get" id="#LZofQTSf`c{=(5d.Ke-">
                                    <field name="VAR" id="1Y`Bw3SBh%+B9{+}2xNf" variabletype="">Maximum Losses:</field>
                                  </block>
                                </value>
                              </block>
                            </value>
                          </block>
                        </value>
                        <statement name="DO0">
                          <block type="text_join" id="8gNtW3|mPMk_?ORaSJ}N">
                            <field name="VARIABLE" id="PE+tzh=7Ye({^h1,}2[e" variabletype="">text2</field>
                            <statement name="STACK">
                              <block type="text_statement" id="t$X5MaOwaK)Oz{z{^fV)">
                                <value name="TEXT">
                                  <shadow type="text" id=";?n%L6c7-agdX}^jLB1O">
                                    <field name="TEXT"></field>
                                  </shadow>
                                  <block type="text" id="QN~y4vil6}ycd!0`N*jX">
                                    <field name="TEXT">STOP LOSS HIT 🤬 PAUSE TRADING OR PURCHASE PREMIUM PROFITABLE BOTS </field>
                                  </block>
                                </value>
                                <next>
                                  <block type="text_statement" id=",{deU%5sh?`a[uZHVMkP">
                                    <value name="TEXT">
                                      <shadow type="text" id="#T?s4ASF]a{KVvIzo$D5">
                                        <field name="TEXT"></field>
                                      </shadow>
                                      <block type="total_profit" id="q3@`kfn0U$x8cXo-C(,X"></block>
                                    </value>
                                  </block>
                                </next>
                              </block>
                            </statement>
                            <next>
                              <block type="text_print" id="x+m1r?=8xtC|FR|Ga*vw">
                                <value name="TEXT">
                                  <shadow type="text" id=":GuX(mRa^fYbv*=0f[o@">
                                    <field name="TEXT">abc</field>
                                  </shadow>
                                  <block type="variables_get" id="OSo-`nn7p:~`NYpY;Zim">
                                    <field name="VAR" id="PE+tzh=7Ye({^h1,}2[e" variabletype="">text2</field>
                                  </block>
                                </value>
                                <next>
                                  <block type="controls_if" id="o1KdC2d#75ezy{?5ub:Z">
                                    <value name="IF0">
                                      <block type="variables_get" id=".01m:37]!tX?HpHRs7;-">
                                        <field name="VAR" id="b`aIqOhv#IG5.4wAoUam" variabletype="">Sound Notifications ?</field>
                                      </block>
                                    </value>
                                    <statement name="DO0">
                                      <block type="text_join" id="]SeB_1[ok]e!Rh,B^l~d">
                                        <field name="VARIABLE" id="j!qJD3nU?-aXx,:N!irf" variabletype="">text3</field>
                                        <statement name="STACK">
                                          <block type="text_statement" id="(sEz-^$HX7`*3Xi_jOuh">
                                            <value name="TEXT">
                                              <shadow type="text" id="n3^HEejiHjCvIV$kXZUl">
                                                <field name="TEXT"></field>
                                              </shadow>
                                              <block type="text" id="];V9Y)/ooA,H2=wF7h$j">
                                                <field name="TEXT">STOP LOSS ATINGIDO !!</field>
                                              </block>
                                            </value>
                                          </block>
                                        </statement>
                                        <next>
                                          <block type="notify" id="4jfg6,Irh(aO?Pt0b[Q[">
                                            <field name="NOTIFICATION_TYPE">error</field>
                                            <field name="NOTIFICATION_SOUND">earned-money</field>
                                            <value name="MESSAGE">
                                              <block type="variables_get" id="XMu*5?y,$^fytvGhoD;3">
                                                <field name="VAR" id="j!qJD3nU?-aXx,:N!irf" variabletype="">text3</field>
                                              </block>
                                            </value>
                                          </block>
                                        </next>
                                      </block>
                                    </statement>
                                  </block>
                                </next>
                              </block>
                            </next>
                          </block>
                        </statement>
                        <statement name="ELSE">
                          <block type="trade_again" id="nq/5m.Y*tMQ=e89@{lei"></block>
                        </statement>
                      </block>
                    </statement>
                  </block>
                </statement>
              </block>
            </next>
          </block>
        </next>
      </block>
    </statement>
  </block>
  <block type="before_purchase" id=")5Y:uBUk1iLAFGa-SsA(" deletable="false" x="-40" y="1257">
    <statement name="BEFOREPURCHASE_STACK">
      <block type="controls_if" id="TRiu[p1}FwQsCJ~+:Oj{">
        <mutation else="1"></mutation>
        <value name="IF0">
          <block type="logic_compare" id="uE-1F7{0*![+^a;qBGd_">
            <field name="OP">LT</field>
            <value name="A">
              <block type="variables_get" id="j8aSr=Q)at2X(dsL_.ra">
                <field name="VAR" id="Rx1.^_!`2IlA?!kG%;@~" variabletype="">Even Number Counter</field>
              </block>
            </value>
            <value name="B">
              <block type="math_number" id="mUIX)$T*xct*b~aNF%Y~">
                <field name="NUM">2</field>
              </block>
            </value>
          </block>
        </value>
        <statement name="DO0">
          <block type="math_change" id="$=X_;-i6xZPth{Z[$P|c">
            <field name="VAR" id="Rx1.^_!`2IlA?!kG%;@~" variabletype="">Even Number Counter</field>
            <value name="DELTA">
              <shadow type="math_number" id="r?G1@x}`qn7)H_:4WBe}">
                <field name="NUM">1</field>
              </shadow>
            </value>
            <next>
              <block type="purchase" id="oZ*G,8*p6Rg?LPKw)o[|">
                <field name="PURCHASE_LIST">DIGITEVEN</field>
              </block>
            </next>
          </block>
        </statement>
        <statement name="ELSE">
          <block type="math_change" id="k$cC/Y(;_y!(qL1MSNx.">
            <field name="VAR" id="HewCh9SJtpk}4lfczm:K" variabletype="">Odd Number Counter</field>
            <value name="DELTA">
              <shadow type="math_number" id="HuJok]fy,5tM[Oz:~pVu">
                <field name="NUM">1</field>
              </shadow>
            </value>
            <next>
              <block type="controls_if" id="x..3(iD9e9E.stw|R{fa">
                <value name="IF0">
                  <block type="logic_compare" id="[#ed_1iTEc_o9NUzzES~">
                    <field name="OP">GT</field>
                    <value name="A">
                      <block type="variables_get" id="JatR)[:+peR?L(kOK3T+">
                        <field name="VAR" id="HewCh9SJtpk}4lfczm:K" variabletype="">Odd Number Counter</field>
                      </block>
                    </value>
                    <value name="B">
                      <block type="math_number" id="5Lhr]+V`b(Utfm?jY9e*">
                        <field name="NUM">1</field>
                      </block>
                    </value>
                  </block>
                </value>
                <statement name="DO0">
                  <block type="variables_set" id="l]~#[`9-ieA0hC7%?];j">
                    <field name="VAR" id="Rx1.^_!`2IlA?!kG%;@~" variabletype="">Even Number Counter</field>
                    <value name="VALUE">
                      <block type="math_number" id="=l@t;ys4R?Uoj|,LbJPS">
                        <field name="NUM">0</field>
                      </block>
                    </value>
                    <next>
                      <block type="variables_set" id="@Gtxn5Am!-pgsF23_O9y">
                        <field name="VAR" id="HewCh9SJtpk}4lfczm:K" variabletype="">Odd Number Counter</field>
                        <value name="VALUE">
                          <block type="math_number" id="6b9a},7|ak%2K:q%@d.p">
                            <field name="NUM">0</field>
                          </block>
                        </value>
                      </block>
                    </next>
                  </block>
                </statement>
                <next>
                  <block type="purchase" id="k;~Hlzxa;~;5%5x!EX-2">
                    <field name="PURCHASE_LIST">DIGITODD</field>
                  </block>
                </next>
              </block>
            </next>
          </block>
        </statement>
      </block>
    </statement>
  </block>
  <block type="procedures_defnoreturn" id="@D-Z5^z};k0*7Z:r.VDb" x="0" y="2412">
    <field name="NAME">Fully Automated EVEN ODD DIGIT BOT:</field>
    <comment id="KBS`=u*.+|^NrI`CvyPk" pinned="true" h="200" w="200" x="400" y="2376" minimized="true">Describe this feature...</comment>
  </block>
  <block type="procedures_defnoreturn" id="/CF]93w,p{QrEes+GXuO" x="0" y="2572">
    <field name="NAME">GOAL VALUES AND STOP LOSS</field>
    <comment id="=4x;aQ{@DC/O[dZCRr0P" pinned="true" h="200" w="200" x="400" y="2536" minimized="true">Describe this feature...</comment>
  </block>
  <block type="procedures_defnoreturn" id="dvkGj,SEkb@T0+NRvuKD" x="0" y="2732">
    <field name="NAME">STRATEGY SETTINGS</field>
    <comment id=".}x*]r,Z](d9Q=VA];rz" pinned="true" h="200" w="200" x="400" y="2696" minimized="true">Describe this feature...</comment>
  </block>
  <block type="procedures_defnoreturn" id="`@JQ|jFG9kER7NR3;WRT" x="0" y="2892">
    <field name="NAME">INTELLIGENT MARTINGALE ADJUSTMENT</field>
    <comment id="C:C~jkBlP2;0z|Id*atN" pinned="true" h="200" w="200" x="400" y="2856" minimized="true">Describe this feature...</comment>
  </block>
  <block type="procedures_defnoreturn" id=".FW/T3#g#nSXec.|8wPM" x="0" y="3052">
    <field name="NAME">MARTINGALES SETTINGS</field>
    <comment id="soAF2E+`oheSus~W5eG9" pinned="true" h="200" w="200" x="400" y="3016" minimized="true">Describe this feature...</comment>
  </block>
</xml>